step,loss,accuracy
0,2.1656999588012695,16.405072270994058
20,2.1446285247802734,17.318435754189945
40,2.115420341491699,15.846413053116963
60,2.1082839965820312,17.158818834796488
80,2.0939414501190186,17.983506251662675
100,2.0955677032470703,12.051077414205906
120,2.096200942993164,17.336170967455885
140,2.1035780906677246,17.557861133280127
160,2.0943639278411865,17.51352310011528
180,2.096078634262085,17.992373858295647
200,2.050814390182495,17.46031746031746
220,2.093726634979248,18.515562649640863
240,2.084139108657837,18.010109071561587
260,2.0749547481536865,18.001241464928615
280,2.0680580139160156,17.735213265939525
300,2.0852773189544678,18.710649995566197
320,2.0716419219970703,18.870266914959654
340,2.0703206062316895,12.68067748514676
360,2.0543246269226074,18.293872483816617
380,2.071509838104248,12.946705684135852
400,2.0775809288024902,14.737962223995744
420,2.0904173851013184,20.563979781856876
440,2.0624141693115234,11.87372528154651
460,2.0643415451049805,18.125387957790192
480,2.055903434753418,18.6219739292365
500,2.033783435821533,18.728385208832137
520,2.0335190296173096,18.28500487718365
540,2.085498809814453,14.959652389819988
560,2.0670177936553955,13.691584641305312
580,2.0755057334899902,12.725015518311608
600,2.0806093215942383,18.95894298128935
620,2.0783042907714844,19.269309213443293
640,2.0672295093536377,18.515562649640863
660,2.078432083129883,24.350447814134967
680,2.072528600692749,18.400283763412254
700,1.9728449583053589,18.036711891460495
720,1.9994535446166992,19.065354260884988
740,1.9795634746551514,18.70178238893323
760,1.951500415802002,20.17380509000621
780,1.9391058683395386,20.79453755431409
800,1.9346305131912231,19.065354260884988
820,1.9609071016311646,20.386627649197482
840,1.9328163862228394,19.71268954509178
860,1.9551525115966797,20.37776004256451
880,2.060370922088623,22.594661700806952
900,2.064974308013916,19.35798527977299
920,2.0501441955566406,21.104903786468032
940,2.070952892303467,16.35186663119624
960,2.058678150177002,19.561940232331295
980,2.070925235748291,22.20448700895628
1000,2.0213747024536133,16.529218763855635
1020,2.0443520545959473,15.172474949011262
1040,2.0232133865356445,22.044870089562828
1060,2.0211997032165527,18.26726966391771
1080,2.0268843173980713,19.943247317548995
1100,2.017503261566162,16.75090892967988
1120,2.0397520065307617,19.162897933847656
1140,2.020275592803955,18.932340161390442
1160,2.068056583404541,12.893500044338033
1180,2.0442006587982178,19.065354260884988
1200,2.058363914489746,18.728385208832137
1220,2.009760856628418,20.688126274718453
1240,2.011230945587158,25.441163429990247
1260,1.9833273887634277,20.705861487984393
1280,2.006667137145996,14.720227010729804
1300,2.0436625480651855,19.517602199166443
1320,1.993750810623169,12.538795779019242
1340,2.0013561248779297,12.467854925955484
1360,1.9902496337890625,10.339629334042742
1380,1.995383381843567,17.380509000620734
1400,2.0274229049682617,17.5667287399131
1420,2.016404151916504,19.455528952735655
1440,2.026468276977539,11.279595637137536
1460,2.00374436378479,12.813691584641305
1480,2.0139055252075195,12.139753480535603
1500,2.006767511367798,13.531967721911856
1520,2.0021562576293945,12.006739381041058
1540,2.0209197998046875,19.091957080783896
1560,1.9683372974395752,13.789128314267979
1580,2.0036237239837646,14.15270018621974
1600,1.9995124340057373,14.924181963288108
1620,2.0091629028320312,11.341668883568325
1640,2.010003089904785,18.2406668440188
1660,1.9621331691741943,12.866897224439123
1680,1.9937970638275146,16.405072270994058
1700,2.0462646484375,11.891460494812451
1720,1.9895187616348267,17.345038574088854
1740,2.0084946155548096,19.783630398155537
1760,2.008345603942871,14.1349649729538
1780,1.9735684394836426,20.0585262037776
1800,2.017138957977295,19.029883834353107
1820,2.0327842235565186,17.274097721025097
1840,2.018321990966797,19.508734592533475
1860,2.022719383239746,19.650616298660992
1880,1.9944052696228027,15.367562294936597
1900,2.005265474319458,16.626762436818304
1920,2.042673349380493,18.55103307617274
1940,2.02559757232666,11.669770328988205
1960,2.032135009765625,12.68954509177973
1980,1.9873387813568115,15.740001773521326
2000,1.9922693967819214,16.546953977121575
2020,1.9998881816864014,13.248204309656824
2040,2.029273748397827,11.013567438148444
2060,2.015422821044922,11.049037864680322
2080,2.0120022296905518,17.96577103839674
2100,2.008944034576416,10.80961248559014
2120,2.0063588619232178,11.971268954509178
2140,2.0364255905151367,19.22497118027844
2160,1.9788222312927246,11.90919570807839
2180,2.0011706352233887,12.24616476013124
2200,1.988133192062378,11.971268954509178
2220,1.969590425491333,12.68954509177973
2240,2.0105388164520264,12.352576039726877
2260,2.0084240436553955,17.336170967455885
2280,1.9598922729492188,12.67180987851379
2300,1.9689191579818726,11.093375897845172
2320,1.9939640760421753,19.136295113948744
2340,1.9947805404663086,19.650616298660992
2360,1.9991044998168945,17.247494901126185
2380,1.9438402652740479,11.696373148887115
2400,1.946204423904419,12.60086902545003
2420,1.998059630393982,19.28704442670923
2440,1.9365748167037964,18.737252815465105
2460,1.9794961214065552,11.456947769796932
2480,1.9731876850128174,11.049037864680322
2500,1.985466718673706,14.88871153675623
2520,1.9660314321517944,18.054447104726435
2540,1.9348640441894531,18.613106322603528
2560,1.9663701057434082,18.59537110933759
2580,1.9422153234481812,18.22293163075286
2600,1.9217544794082642,18.24953445065177
2620,1.9534544944763184,18.480092223108983
2640,1.8882873058319092,18.533297862906803
2660,1.9092553853988647,18.613106322603528
2680,1.911566972732544,18.400283763412254
2700,1.9391517639160156,18.18746120422098
2720,1.8925609588623047,18.089917531258312
2740,1.9087108373641968,17.318435754189945
2760,1.9343738555908203,17.82388933226922
2780,1.8872356414794922,17.194289261328368
2800,1.9372576475143433,17.46031746031746
2820,1.9120047092437744,17.265230114392125
2840,1.919607162475586,17.336170967455885
2860,1.9168448448181152,17.291832934291033
2880,1.9513083696365356,16.883923029174426
2900,1.9422118663787842,17.13221601489758
2920,1.952402114868164,17.992373858295647
2940,1.9000155925750732,17.025804735301943
2960,1.8986262083053589,17.07901037509976
2980,1.9614444971084595,17.983506251662675
3000,1.9739670753479004,17.664272412875764
3020,1.9046180248260498,17.655404806242796
3040,1.942368984222412,17.80615411900328
3060,1.8654627799987793,17.0967455883657
3080,1.9252796173095703,17.424847033785582
3100,1.9323475360870361,17.611066773077948
3120,1.9336477518081665,17.54899352664716
3140,1.9102392196655273,17.247494901126185
3160,1.8967945575714111,17.628801986343884
3180,1.9001604318618774,17.93030061186486
3200,1.9042425155639648,17.318435754189945
3220,1.9067552089691162,17.85049215216813
3240,1.9367594718933105,17.025804735301943
3260,1.9596813917160034,17.84162454553516
3280,1.9045346975326538,18.001241464928615
3300,1.887738585472107,17.992373858295647
3320,1.8785796165466309,18.515562649640863
3340,1.87566077709198,19.668351511926932
3360,1.8808327913284302,19.65948390529396
3380,1.894687294960022,19.6772191185599
3400,1.9025424718856812,20.182672696639177
3420,1.8310750722885132,20.09399663030948
3440,1.7978026866912842,20.821140374213
3460,1.8339706659317017,20.626053028287664
3480,1.7972944974899292,20.404362862463422
3500,1.8825803995132446,21.237917885962577
3520,1.8076434135437012,20.652655848186573
3540,1.7966214418411255,21.326593952292278
3560,1.771706461906433,20.998492506872395
3580,1.7685260772705078,20.235878336436997
3600,1.767303228378296,20.085129023676508
3620,1.8162357807159424,19.827968431320386
3640,1.715061068534851,19.6772191185599
3660,1.765134572982788,20.501906535426087
3680,1.7217707633972168,20.838875587478938
3700,1.74996018409729,19.526469805799415
3720,1.7596336603164673,20.626053028287664
3740,1.7557570934295654,19.154030327214684
3760,1.7489352226257324,19.428926132836747
3780,1.682020902633667,20.19154030327215
3800,1.7291200160980225,18.52443025627383
3820,1.7472587823867798,20.590582601755788
3840,1.6907165050506592,20.005320563979783
3860,1.7018522024154663,19.881174071118206
3880,1.683455467224121,19.969850137447903
3900,1.7239155769348145,19.31364724660814
3920,1.7083239555358887,19.872306464485234
3940,1.6796460151672363,20.06739381041057
3960,1.6149733066558838,19.40232331293784
3980,1.6531764268875122,20.164937483373237
4000,1.647624135017395,18.462357009843043
4020,1.7258106470108032,19.162897933847656
4040,1.629077434539795,19.73929236499069
4060,1.6391980648040771,19.428926132836747
4080,1.6464629173278809,19.411190919570807
4100,1.6817790269851685,20.01418817061275
4120,1.6716294288635254,19.145162720581716
4140,1.6637524366378784,18.98554580118826
4160,1.6529769897460938,20.11173184357542
4180,1.6595818996429443,17.699742839407644
4200,1.6331721544265747,18.24953445065177
4220,1.6697977781295776,19.136295113948744
4240,1.6852552890777588,12.813691584641305
4260,1.6067848205566406,18.480092223108983
4280,1.6648094654083252,20.404362862463422
4300,1.5880358219146729,15.305489048505809
4320,1.6296069622039795,19.455528952735655
4340,1.607316017150879,18.409151370045226
4360,1.5885745286941528,17.08787798173273
4380,1.661861538887024,16.715438503148
4400,1.6436690092086792,19.490999379267535
4420,1.6193523406982422,19.801365611421478
4440,1.6035124063491821,18.338210516981466
4460,1.5744268894195557,17.690875232774673
4480,1.61186945438385,22.213354615589253
4500,1.6268316507339478,17.584463953179036
4520,1.5933728218078613,19.100824687416868
4540,1.61519455909729,20.80340516094706
4560,1.6259260177612305,19.473264166001595
4580,1.6176557540893555,21.433005231887915
4600,1.5840108394622803,17.540125920014187
4620,1.5884534120559692,20.537376961957968
4640,1.5944058895111084,19.269309213443293
4660,1.5953779220581055,16.883923029174426
4680,1.6235980987548828,18.26726966391771
4700,1.6119407415390015,18.719517602199165
4720,1.5920556783676147,18.59537110933759
4740,1.589538812637329,16.635630043451272
4760,1.624183177947998,17.744080872572493
4780,1.6202565431594849,18.799326061895894
4800,1.5829956531524658,20.679258668085485
4820,1.628335952758789,19.100824687416868
4840,1.5786069631576538,20.280216369601845
4860,1.5728368759155273,18.018976678194555
4880,1.5560119152069092,20.626053028287664
4900,1.6320405006408691,17.83275693890219
4920,1.5508888959884644,21.832047530371554
4940,1.55598783493042,20.608317815021724
4960,1.6216964721679688,22.461647601312407
4980,1.6093394756317139,19.251574000177353
5000,1.535155177116394,20.546244568590936
5020,1.5888570547103882,22.878425113061983
5040,1.6222747564315796,19.154030327214684
5060,1.543257236480713,20.209275516538085
5080,1.5580809116363525,23.07351245898732
5100,1.549321174621582,18.843664095060742
5120,1.5644967555999756,22.70107298040259
5140,1.6049323081970215,22.71880819366853
5160,1.6208943128585815,21.051698146670212
5180,1.5711560249328613,18.68404717566729
5200,1.5781923532485962,19.570807838964264
5220,1.5774147510528564,20.821140374213
5240,1.553094744682312,21.060565753303184
5260,1.5454931259155273,22.470515207945375
5280,1.5579452514648438,22.842954686530106
5300,1.6124324798583984,23.304070231444534
5320,1.581612467765808,21.273388312494458
5340,1.605862021446228,21.752239070674825
5360,1.6215879917144775,22.727675800301498
5380,1.5572179555892944,22.95823357275871
5400,1.636029839515686,22.65673494723774
5420,1.587504506111145,23.00257160592356
5440,1.5301344394683838,22.115810942626585
5460,1.5958025455474854,21.84978274363749
5480,1.571603775024414,22.3463687150838
5500,1.643486499786377,21.894120776802342
5520,1.5910851955413818,22.38183914161568
5540,1.5366766452789307,22.789749046732286
5560,1.647979736328125,22.426177174780527
5580,1.6385130882263184,22.70107298040259
5600,1.5783557891845703,21.823179923738582
5620,1.585031270980835,22.38183914161568
5640,1.5803310871124268,23.312937838077502
5660,1.602978229522705,22.31976589518489
5680,1.577026128768921,22.089208122727676
5700,1.5631047487258911,22.24882504212113
5720,1.5446053743362427,22.550323667642104
5740,1.6263154745101929,22.488250421211315
5760,1.5751795768737793,22.151281369158465
5780,1.6029322147369385,22.576926487541012
5800,1.5600078105926514,22.745411013567438
5820,1.5310641527175903,22.6389997339718
5840,1.5610616207122803,21.9650616298661
5860,1.5533990859985352,22.550323667642104
5880,1.543783187866211,21.672430610978097
5900,1.5835649967193604,23.233129378380774
5920,1.5779080390930176,22.772013833466346
5940,1.633962631225586,22.080340516094704
5960,1.5352740287780762,22.142413762525493
5980,1.617067813873291,22.142413762525493
6000,1.5424010753631592,22.31089828855192
6020,1.5852394104003906,23.13558570541811
6040,1.626781940460205,23.233129378380774
6060,1.566476821899414,22.887292719694955
6080,1.6108211278915405,22.452779994679435
6100,1.545128583908081,22.35523632171677
6120,1.5274393558502197,22.65673494723774
6140,1.510419249534607,23.15332091868405
6160,1.5496731996536255,22.67447016050368
6180,1.573331594467163,22.053737696195796
6200,1.5668091773986816,22.94049835949277
6220,1.4912402629852295,23.578966037066596
6240,1.5526180267333984,20.200407909905117
6260,1.53261399269104,23.00257160592356
6280,1.5948550701141357,22.65673494723774
6300,1.5199545621871948,23.15332091868405
6320,1.5056092739105225,20.360024829298574
6340,1.4853358268737793,24.15536046820963
6360,1.5565423965454102,21.9650616298661
6380,1.5105597972869873,22.523720847743196
6400,1.4820104837417603,23.179923738582957
6420,1.541366696357727,20.47530371552718
6440,1.5788744688034058,21.876385563536402
6460,1.45680832862854,24.235168927906358
6480,1.5133352279663086,22.497118027844284
6500,1.5352890491485596,23.277467411545622
6520,1.515287160873413,21.61922497118028
6540,1.5376814603805542,23.80952380952381
6560,1.5045602321624756,23.366143477875323
6580,1.514075517654419,24.660814046288905
6600,1.5146843194961548,23.04690963908841
6620,1.516739845275879,23.596701250332536
6640,1.5359861850738525,21.22905027932961
6660,1.5130192041397095,24.11102243504478
6680,1.5724995136260986,23.295202624811562
6700,1.5124229192733765,22.177884189057373
6720,1.5088812112808228,21.92959120333422
6740,1.5192676782608032,21.016227720138335
6760,1.5212912559509277,23.233129378380774
6780,1.4882781505584717,22.036002482929856
6800,1.4787224531173706,22.896160326327923
6820,1.4835765361785889,20.900948833909727
6840,1.4529221057891846,23.07351245898732
6860,1.505380392074585,23.197658951848897
6880,1.461522102355957,21.282255919127426
6900,1.4987950325012207,22.905027932960895
6920,1.5415549278259277,18.072182317992375
6940,1.5189238786697388,23.33954065797641
6960,1.4688711166381836,20.705861487984393
6980,1.4810981750488281,21.57488693801543
7000,1.4591723680496216,22.177884189057373
7020,1.4465491771697998,23.703112529928173
7040,1.5317453145980835,20.227010729804025
7060,1.502471923828125,20.696993881351425
7080,1.5124304294586182,21.734503857408885
7100,1.4543993473052979,19.26044160681032
7120,1.5231319665908813,21.681298217611065
7140,1.5022156238555908,20.634920634920636
7160,1.464606523513794,20.07626141704354
7180,1.4932982921600342,23.534628003901748
7200,1.527143120765686,18.90573734149153
7220,1.448578119277954,21.2024474594307
7240,1.4253268241882324,22.550323667642104
7260,1.4564387798309326,20.200407909905117
7280,1.522186040878296,23.0203068191895
7300,1.4812042713165283,24.235168927906358
7320,1.5053339004516602,17.025804735301943
7340,1.4800212383270264,21.725636250775917
7360,1.4700653553009033,24.022346368715084
7380,1.4662688970565796,20.244745943069965
7400,1.4771595001220703,23.05577724572138
7420,1.4224859476089478,21.326593952292278
7440,1.4418458938598633,20.182672696639177
7460,1.4314546585083008,22.177884189057373
7480,1.431016206741333,21.441872838520883
7500,1.4406943321228027,24.270639354438238
7520,1.4385963678359985,23.942537909018355
7540,1.4756258726119995,19.39345570630487
7560,1.453830361366272,25.042121131506608
7580,1.4480870962142944,23.534628003901748
7600,1.3981966972351074,15.97942715261151
7620,1.4696768522262573,20.883213620643787
7640,1.4507650136947632,23.898199875853507
7660,1.4920618534088135,23.88933226922054
7680,1.4820256233215332,21.752239070674825
7700,1.4720340967178345,22.967101179391683
7720,1.4575374126434326,19.22497118027844
7740,1.4862713813781738,25.059856344772545
7760,1.42105233669281,22.905027932960895
7780,1.4168827533721924,24.49232952026248
7800,1.4533084630966187,23.43708433093908
7820,1.4938268661499023,21.370931985457126
7840,1.5089805126190186,21.61922497118028
7860,1.4717363119125366,23.268599804912654
7880,1.4221354722976685,21.433005231887915
7900,1.4067585468292236,24.5455351600603
7920,1.4138245582580566,25.6007803493837
7940,1.4542752504348755,23.80952380952381
7960,1.4448375701904297,21.122638999733972
7980,1.4563665390014648,25.804735301942006
8000,1.4382359981536865,25.16626762436818
8020,1.4858274459838867,24.52779994679436
8040,1.4544193744659424,23.995743548816176
8060,1.480054259300232,24.51006473352842
8080,1.470151424407959,24.066684401879932
8100,1.4718878269195557,24.758357719251574
8120,1.4921120405197144,24.722887292719694
8140,1.4968857765197754,24.57213797995921
8160,1.446061134338379,24.270639354438238
8180,1.4712212085723877,24.88250421211315
8200,1.5340007543563843,24.84703378558127
8220,1.510918378829956,25.751529662144186
8240,1.4739508628845215,24.20856610800745
8260,1.4858779907226562,24.82929857231533
8280,1.5639493465423584,24.634211226389997
8300,1.5161070823669434,24.634211226389997
8320,1.4537512063980103,25.077591558038485
8340,1.5445162057876587,23.88933226922054
8360,1.4670547246932983,24.96231267180988
8380,1.4719477891921997,25.29928172386273
8400,1.502852201461792,24.802695752416422
8420,1.4045002460479736,25.22834087079897
8440,1.5332787036895752,24.14649286157666
8460,1.4227100610733032,24.15536046820963
8480,1.5245015621185303,24.740622505985634
8500,1.465760588645935,25.485501463155096
8520,1.4789878129959106,25.068723951405516
8540,1.5152432918548584,24.722887292719694
8560,1.4759435653686523,24.855901392214243
8580,1.4573302268981934,24.53666755342733
8600,1.475404977798462,25.370222576926487
8620,1.4835140705108643,25.671721202447458
8640,1.4682848453521729,25.175135231001153
8660,1.4431650638580322,24.13762525494369
8680,1.4507557153701782,24.057816795246964
8700,1.4967498779296875,24.935709851910968
8720,1.4346076250076294,23.915935089119447
8740,1.4625704288482666,24.678549259554845
8760,1.4368157386779785,24.385918240666843
8780,1.4754258394241333,23.77405338299193
8800,1.399014949798584,24.19083089474151
8820,1.4973042011260986,22.497118027844284
8840,1.4205092191696167,24.953445065176908
8860,1.4512147903442383,24.90023942537909
8880,1.4093718528747559,24.403653453932783
8900,1.4768224954605103,24.811563359049394
8920,1.4422223567962646,24.377050634033875
8940,1.3983938694000244,25.033253524873636
8960,1.5026715993881226,24.56327037332624
8980,1.4273070096969604,25.387957790192427
9000,1.4433646202087402,23.667642103396293
9020,1.4428668022155762,24.90023942537909
9040,1.4452147483825684,24.022346368715084
9060,1.3936971426010132,25.671721202447458
9080,1.4373786449432373,25.37909018355946
9100,1.4303638935089111,26.106233927462977
9120,1.48561429977417,25.36135497029352
9140,1.4197725057601929,25.121929591203333
9160,1.474630355834961,23.02917442582247
9180,1.39862060546875,24.350447814134967
9200,1.3917887210845947,24.297242174337146
9220,1.43052077293396,23.04690963908841
9240,1.41886568069458,24.004611155449144
9260,1.4679967164993286,25.494369069788064
9280,1.3737614154815674,24.62534361975703
9300,1.4302608966827393,24.09328722177884
9320,1.409203052520752,23.67650971002926
9340,1.4164667129516602,25.62738316928261
9360,1.403348684310913,24.377050634033875
9380,1.455583095550537,24.997783098341756
9400,1.3998947143554688,24.270639354438238
9420,1.4047064781188965,24.634211226389997
9440,1.4232659339904785,23.951405515651327
9460,1.4115238189697266,25.32588454376164
9480,1.4541454315185547,24.22630132127339
9500,1.3697820901870728,24.048949188613992
9520,1.3864178657531738,24.616476013124057
9540,1.4230284690856934,24.988915491708788
9560,1.3751085996627808,23.570098430433625
9580,1.428386926651001,22.905027932960895
9600,1.3874315023422241,25.086459164671457
9620,1.4485511779785156,24.323844994236055
9640,1.3836418390274048,23.986875942183204
9660,1.3771549463272095,23.383878691141263
9680,1.3923217058181763,24.022346368715084
9700,1.3860418796539307,24.084419615145872
9720,1.3632656335830688,24.421388667198723
9740,1.4210195541381836,23.233129378380774
9760,1.4025824069976807,21.814312317105614
9780,1.4096143245697021,23.259732198279686
9800,1.4024497270584106,23.960273122284296
9820,1.376434326171875,24.55440276669327
9840,1.3623979091644287,23.67650971002926
9860,1.4027562141418457,23.942537909018355
9880,1.4434871673583984,24.669681652921877
9900,1.3801831007003784,23.179923738582957
9920,1.4002834558486938,25.024385918240668
9940,1.3019238710403442,24.297242174337146
9960,1.4406578540802002,22.26656025538707
9980,1.404569387435913,23.73858295646005
10000,1.3915448188781738,22.70107298040259
10020,1.4051765203475952,24.43025627383169
10040,1.3475260734558105,24.359315420767935
10060,1.344627022743225,25.34361975702758
10080,1.353259801864624,22.869557506429015
10100,1.463612675666809,23.108982885519197
10120,1.40523099899292,24.323844994236055
10140,1.4154901504516602,24.439123880464663
10160,1.384578824043274,24.501197126895452
10180,1.3660905361175537,23.658774496763325
10200,1.4301562309265137,23.144453312051077
10220,1.3979837894439697,18.18746120422098
10240,1.3968174457550049,23.80065620289084
10260,1.317633867263794,18.710649995566197
10280,1.3942146301269531,17.88596257870001
10300,1.3941622972488403,23.508025184002836
10320,1.362215518951416,24.696284472820786
10340,1.4548966884613037,23.782920989624902
10360,1.428002953529358,24.749490112618606
10380,1.4106614589691162,23.42821672430611
10400,1.4277030229568481,23.561230823800656
10420,1.3526870012283325,24.19083089474151
10440,1.4084594249725342,24.705152079453754
10460,1.3697556257247925,25.58304513611776
10480,1.3789371252059937,25.006650704974728
10500,1.3665136098861694,24.040081581981024
10520,1.3981986045837402,24.13762525494369
10540,1.3680126667022705,23.71198013656114
10560,1.4160027503967285,24.44799148709763
10580,1.423476219177246,24.705152079453754
10600,1.4218480587005615,25.423428216724307
10620,1.4308576583862305,24.82929857231533
10640,1.2993741035461426,23.07351245898732
10660,1.405532956123352,24.412521060565755
10680,1.3755626678466797,24.98004788507582
10700,1.451409101486206,24.48346191362951
10720,1.3793654441833496,23.844994236055687
10740,1.3849916458129883,23.05577724572138
10760,1.3858457803726196,23.907067482486475
10780,1.3778156042099,25.56530992285182
10800,1.3843610286712646,25.68058880908043
10820,1.4459718465805054,24.022346368715084
10840,1.356055736541748,23.37501108450829
10860,1.3748745918273926,25.485501463155096
10880,1.3998517990112305,25.58304513611776
10900,1.423730492591858,23.915935089119447
10920,1.4433248043060303,26.73583399840383
10940,1.4029393196105957,23.623304070231445
10960,1.4274721145629883,25.61851556264964
10980,1.401899814605713,24.758357719251574
11000,1.4154084920883179,25.6007803493837
11020,1.3931159973144531,23.73858295646005
11040,1.408913493156433,23.641039283497385
11060,1.3983145952224731,25.29041411722976
11080,1.3723077774047852,25.29928172386273
11100,1.3571183681488037,26.549614259111465
11120,1.3600376844406128,25.787000088676066
11140,1.416994571685791,22.31089828855192
11160,1.420780897140503,26.79790724483462
11180,1.3711140155792236,24.439123880464663
11200,1.3990994691848755,24.323844994236055
11220,1.4221282005310059,23.33954065797641
11240,1.3923523426055908,20.182672696639177
11260,1.4580833911895752,26.04416068103219
11280,1.4024995565414429,26.922053737696196
11300,1.377964973449707,26.478673406047708
11320,1.3891093730926514,26.4520705861488
11340,1.4420645236968994,23.8715970559546
11360,1.4186248779296875,25.254943690697882
11380,1.3495099544525146,26.611687505542253
11400,1.3768948316574097,25.58304513611776
11420,1.381416916847229,24.926842245278
11440,1.4207772016525269,25.24607608406491
11460,1.4286248683929443,26.585084685643345
11480,1.3572404384613037,25.31701693712867
11500,1.387566328048706,24.47459430699654
11520,1.3737411499023438,26.30132127338831
11540,1.3636610507965088,25.742662055511218
11560,1.4126131534576416,26.03529307439922
11580,1.3699721097946167,23.81839141615678
11600,1.3994061946868896,25.32588454376164
11620,1.3249778747558594,24.44799148709763
11640,1.4096105098724365,25.92001418817061
11660,1.3812708854675293,24.456859093730603
11680,1.3483942747116089,24.12875764831072
11700,1.3185431957244873,24.066684401879932
11720,1.3839963674545288,24.971180278442848
11740,1.3641825914382935,24.51006473352842
11760,1.3072080612182617,23.74745056309302
11780,1.3226978778839111,23.74745056309302
11800,1.3428199291229248,22.99370399929059
11820,1.3693861961364746,22.75427862020041
11840,1.3510079383850098,23.632171676864413
11860,1.367049217224121,25.059856344772545
11880,1.4117693901062012,24.040081581981024
11900,1.398195743560791,21.379799592090095
11920,1.382051944732666,22.3463687150838
11940,1.3685694932937622,23.00257160592356
11960,1.352764368057251,22.585794094173984
11980,1.3354274034500122,21.140374212999912
12000,1.3485193252563477,16.60015961691939
12020,1.3090040683746338,22.69220537376962
12040,1.3230359554290771,23.4902899707369
12060,1.3549611568450928,20.0585262037776
12080,1.349184513092041,22.089208122727676
12100,1.3540891408920288,19.464396559368627
12120,1.4138586521148682,20.386627649197482
12140,1.3553153276443481,18.072182317992375
12160,1.2881075143814087,20.980757293606455
12180,1.2998231649398804,22.745411013567438
12200,1.3308069705963135,17.14995122816352
12220,1.3850884437561035,19.047619047619047
12240,1.3641576766967773,19.411190919570807
12260,1.362046480178833,20.39549525583045
12280,1.3273394107818604,23.8715970559546
12300,1.304603099822998,24.084419615145872
12320,1.3350400924682617,19.28704442670923
12340,1.3514564037322998,18.2406668440188
12360,1.3543422222137451,21.48621087168573
12380,1.3543241024017334,21.16697703289882
12400,1.3104844093322754,21.54828411811652
12420,1.3505754470825195,17.353906180721822
12440,1.3397332429885864,22.763146226833378
12460,1.356443166732788,17.48692028021637
12480,1.3169629573822021,20.608317815021724
12500,1.328099250793457,17.008069522036003
12520,1.303525447845459,18.98554580118826
12540,1.3024823665618896,17.06127516183382
12560,1.3349673748016357,22.3463687150838
12580,1.3039004802703857,21.805444710472642
12600,1.2877130508422852,16.76864414294582
12620,1.362473964691162,21.370931985457126
12640,1.3705978393554688,20.572847388489848
12660,1.3354957103729248,18.843664095060742
12680,1.3320368528366089,18.710649995566197
12700,1.3487834930419922,23.82725902278975
12720,1.2979419231414795,19.349117673140018
12740,1.327390432357788,15.456238361266294
12760,1.3547998666763306,17.21202447459431
12780,1.4031901359558105,24.91797463864503
12800,1.3493845462799072,18.320475303715526
12820,1.3488399982452393,21.237917885962577
12840,1.3401156663894653,17.83275693890219
12860,1.364917278289795,21.140374212999912
12880,1.3405314683914185,20.102864236942448
12900,1.3929471969604492,23.933670302385387
12920,1.386471152305603,20.83000798084597
12940,1.2803544998168945,20.92755165380864
12960,1.3915456533432007,25.219473264166
12980,1.3212077617645264,23.844994236055687
13000,1.33661687374115,24.91797463864503
13020,1.3526829481124878,20.271348762968874
13040,1.310570240020752,24.52779994679436
13060,1.3294498920440674,24.261771747805266
13080,1.4372937679290771,18.861399308326682
13100,1.3386174440383911,26.070763500931097
13120,1.3601772785186768,25.033253524873636
13140,1.3379285335540771,24.13762525494369
13160,1.3363821506500244,24.91797463864503
13180,1.3517329692840576,18.95894298128935
13200,1.3301432132720947,15.057196062782655
13220,1.3150160312652588,16.910525849073334
13240,1.3417960405349731,24.988915491708788
13260,1.3653122186660767,20.147202270107297
13280,1.334923505783081,16.538086370488607
13300,1.2685602903366089,24.403653453932783
13320,1.285160779953003,23.80065620289084
13340,1.3004875183105469,23.08238006562029
13360,1.318799376487732,17.07014276846679
13380,1.325346827507019,21.54828411811652
13400,1.319209098815918,21.140374212999912
13420,1.3746163845062256,23.11785049215217
13440,1.3379424810409546,19.881174071118206
13460,1.3261141777038574,23.978008335550236
13480,1.280189037322998,22.151281369158465
13500,1.3211774826049805,18.160858384322072
13520,1.3260711431503296,22.66560255387071
13540,1.4005647897720337,21.707901037509977
13560,1.2983028888702393,18.347078123614438
13580,1.3842743635177612,21.858650350270462
13600,1.3550130128860474,23.561230823800656
13620,1.3427239656448364,19.854571251219294
13640,1.3427550792694092,22.169016582424405
13660,1.311043620109558,20.71472909461736
13680,1.3114120960235596,22.825219473264166
13700,1.3076406717300415,20.581714995122816
13720,1.301893949508667,21.86751795690343
13740,1.3089375495910645,17.282965327658065
13760,1.3599625825881958,22.727675800301498
13780,1.3288888931274414,22.062605302828768
13800,1.337793231010437,22.869557506429015
13820,1.3937535285949707,17.4780526735834
13840,1.3273171186447144,20.78566994768112
13860,1.3939802646636963,17.0967455883657
13880,1.3454570770263672,18.28500487718365
13900,1.29800546169281,22.568058880908044
13920,1.347978115081787,22.009399663030948
13940,1.3137439489364624,22.896160326327923
13960,1.3182564973831177,20.11173184357542
13980,1.3673148155212402,18.409151370045226
14000,1.2913475036621094,22.080340516094704
14020,1.3999061584472656,23.00257160592356
14040,1.3533644676208496,23.268599804912654
14060,1.3490004539489746,22.213354615589253
14080,1.3292088508605957,19.499866985900507
14100,1.3604164123535156,19.065354260884988
14120,1.4108915328979492,19.207235967012505
14140,1.322135090827942,21.91185599006828
14160,1.3128057718276978,24.306109780970115
14180,1.3011291027069092,21.46847565841979
14200,1.3081657886505127,21.273388312494458
14220,1.3265366554260254,19.154030327214684
14240,1.3555870056152344,21.317726345659306
14260,1.3023426532745361,22.186751795690345
14280,1.3634178638458252,22.878425113061983
14300,1.3127424716949463,25.34361975702758
14320,1.2498412132263184,20.11173184357542
14340,1.3277400732040405,23.42821672430611
14360,1.3146333694458008,24.119890041677753
14380,1.3165760040283203,24.0755520085129
14400,1.3668769598007202,23.88933226922054
14420,1.3268053531646729,24.22630132127339
14440,1.3290469646453857,23.995743548816176
14460,1.29872465133667,24.057816795246964
14480,1.3298145532608032,21.752239070674825
14500,1.4036548137664795,18.143123171056132
14520,1.3669610023498535,22.94049835949277
14540,1.331648588180542,21.94732641660016
14560,1.3501477241516113,18.914604948124502
14580,1.279076337814331,23.206526558481865
14600,1.3105298280715942,17.637669592976856
14620,1.311953067779541,20.46643610889421
14640,1.3605588674545288,24.634211226389997
14660,1.3825504779815674,19.615145872129112
14680,1.3263580799102783,18.63970914250244
14700,1.3538715839385986,24.634211226389997
14720,1.3328790664672852,23.233129378380774
14740,1.3049204349517822,22.630132127338833
14760,1.3803629875183105,22.39957435488162
14780,1.3714735507965088,22.505985634477256
14800,1.3249925374984741,23.37501108450829
14820,1.302811622619629,20.759067127782213
14840,1.3696746826171875,22.630132127338833
14860,1.3205504417419434,22.426177174780527
14880,1.3666235208511353,21.699033430877005
14900,1.267163634300232,21.060565753303184
14920,1.2971059083938599,21.433005231887915
14940,1.2795348167419434,17.88596257870001
14960,1.3297948837280273,22.2576926487541
14980,1.3683929443359375,23.924802695752415
15000,1.276024580001831,24.17309568147557
15020,1.3610496520996094,21.255653099228518
15040,1.3612267971038818,24.252904141172298
15060,1.3205068111419678,16.121308858739027
15080,1.2805559635162354,16.910525849073334
15100,1.3401310443878174,15.810942626585085
15120,1.2767746448516846,21.654695397712157
15140,1.3059723377227783,20.404362862463422
15160,1.3312755823135376,24.306109780970115
15180,1.2532870769500732,23.77405338299193
15200,1.2600229978561401,22.32863350181786
15220,1.345404028892517,22.29316307528598
15240,1.3161392211914062,21.778841890573734
15260,1.3526031970977783,21.52168129821761
15280,1.2622753381729126,23.80952380952381
15300,1.2845689058303833,19.73929236499069
15320,1.33951735496521,22.089208122727676
15340,1.333465337753296,23.67650971002926
15360,1.3211803436279297,23.41934911767314
15380,1.333746314048767,19.136295113948744
15400,1.3571653366088867,23.6942449232952
15420,1.2964882850646973,16.972599095504123
15440,1.313799262046814,20.78566994768112
15460,1.2844202518463135,21.876385563536402
15480,1.2806732654571533,22.01826726966392
15500,1.3142708539962769,14.578345304602287
15520,1.3120214939117432,17.628801986343884
15540,1.3138372898101807,20.918684047175667
15560,1.3350098133087158,22.213354615589253
15580,1.2542675733566284,21.672430610978097
15600,1.2665023803710938,23.80952380952381
15620,1.2753252983093262,20.723596701250333
15640,1.3099088668823242,19.801365611421478
15660,1.3325965404510498,17.5667287399131
15680,1.2845566272735596,22.470515207945375
15700,1.3302514553070068,21.051698146670212
15720,1.323329210281372,23.658774496763325
15740,1.3001633882522583,22.31089828855192
15760,1.3008748292922974,17.05240755520085
15780,1.3352380990982056,15.411900328101446
15800,1.306574821472168,24.784960539150482
15820,1.3151063919067383,25.973219827968432
15840,1.3372125625610352,16.848452602642546
15860,1.2739120721817017,23.83612662942272
15880,1.302210807800293,22.922763146226835
15900,1.3093515634536743,20.670391061452513
15920,1.3071296215057373,20.84774319411191
15940,1.348910927772522,24.90023942537909
15960,1.2596136331558228,25.033253524873636
15980,1.2889527082443237,24.731754899352666
16000,1.3317391872406006,24.89137181874612
16020,1.3018245697021484,23.898199875853507
16040,1.2969523668289185,23.144453312051077
16060,1.3528389930725098,24.82929857231533
16080,1.2756595611572266,23.312937838077502
16100,1.3423526287078857,24.758357719251574
16120,1.285308599472046,24.102154828411813
16140,1.285500168800354,24.714019686086726
16160,1.2924185991287231,15.731134166888356
16180,1.3270807266235352,24.90910703201206
16200,1.2892556190490723,24.52779994679436
16220,1.361994981765747,15.057196062782655
16240,1.346604347229004,19.65948390529396
16260,1.2262886762619019,15.757736986787267
16280,1.2913075685501099,18.754988028731045
16300,1.256992220878601,21.069433359936152
16320,1.3258724212646484,15.873015873015873
16340,1.299971580505371,15.553782034228961
16360,1.2854316234588623,15.9528243327126
16380,1.274214744567871,16.139044072004967
16400,1.3142194747924805,15.137004522479383
16420,1.286189317703247,15.039460849516715
16440,1.2819876670837402,15.24341580207502
16460,1.3221180438995361,15.296621441872839
16480,1.3133987188339233,14.773432650527623
16500,1.2739582061767578,15.057196062782655
16520,1.2751471996307373,15.810942626585085
16540,1.3116092681884766,15.340959475037687
16560,1.2812763452529907,14.91531435665514
16580,1.2312042713165283,21.699033430877005
16600,1.2587307691574097,15.128136915846413
16620,1.2813622951507568,18.66631196240135
16640,1.3326787948608398,15.757736986787267
16660,1.2853949069976807,16.39620466436109
16680,1.333916425704956,14.658153764299016
16700,1.2780675888061523,17.4780526735834
16720,1.2896655797958374,15.101534095947503
16740,1.266481876373291,15.092666489314533
16760,1.3343247175216675,14.49853684490556
16780,1.311178207397461,16.564689190387515
16800,1.2900052070617676,20.537376961957968
16820,1.3271095752716064,15.181342555644232
16840,1.3172942399978638,14.88871153675623
16860,1.2777981758117676,14.968519996452958
16880,1.2577857971191406,15.23454819544205
16900,1.317129135131836,19.916644497650083
16920,1.3056001663208008,16.72430610978097
16940,1.303294062614441,15.660193313824598
16960,1.3304475545883179,20.7324643078833
16980,1.276794672012329,20.200407909905117
17000,1.2644619941711426,15.491708787798173
17020,1.2664904594421387,15.456238361266294
17040,1.3254708051681519,21.707901037509977
17060,1.279707908630371,22.479382814578344
17080,1.2630577087402344,19.109692294049836
17100,1.2599282264709473,23.41048151104017
17120,1.234768033027649,22.27542786202004
17140,1.3153573274612427,23.82725902278975
17160,1.2715303897857666,16.520351157222667
17180,1.269869089126587,15.25228340870799
17200,1.2968974113464355,20.306819189500754
17220,1.5153160095214844,24.43025627383169
17240,1.4725053310394287,24.90023942537909
17260,1.4843478202819824,24.98004788507582
17280,1.4694795608520508,24.82929857231533
17300,1.443962812423706,24.199698501374478
17320,1.4104068279266357,24.040081581981024
17340,1.5345408916473389,25.26381129733085
17360,1.5057873725891113,24.696284472820786
17380,1.474473237991333,24.084419615145872
17400,1.4482121467590332,24.323844994236055
17420,1.486180067062378,24.040081581981024
17440,1.4710700511932373,24.43025627383169
17460,1.4971964359283447,24.94457745854394
17480,1.401881456375122,24.55440276669327
17500,1.4170513153076172,24.98004788507582
17520,1.4297714233398438,24.47459430699654
17540,1.3988251686096191,25.104194377937393
17560,1.4516265392303467,24.412521060565755
17580,1.4472730159759521,25.34361975702758
17600,1.4073259830474854,24.988915491708788
17620,1.4250658750534058,25.90227897490467
17640,1.4352591037750244,24.306109780970115
17660,1.432076096534729,24.341580207501995
17680,1.4232823848724365,25.29041411722976
17700,1.4117871522903442,24.341580207501995
17720,1.4127609729766846,26.549614259111465
17740,1.3561917543411255,25.556442316218853
17760,1.4739521741867065,24.84703378558127
17780,1.432177186012268,25.458898643256184
17800,1.4225106239318848,23.844994236055687
17820,1.3879976272583008,24.456859093730603
17840,1.4519615173339844,24.394785847299815
17860,1.4225670099258423,27.711270728030506
17880,1.4979767799377441,25.58304513611776
17900,1.3975028991699219,24.439123880464663
17920,1.3653643131256104,25.31701693712867
17940,1.4222630262374878,25.990955041234372
17960,1.3996787071228027,28.00390174691851
17980,1.4008996486663818,25.778132482043098
18000,1.3679418563842773,24.82929857231533
18020,1.4212002754211426,24.48346191362951
18040,1.3648842573165894,25.973219827968432
18060,1.3610222339630127,25.875676155005763
18080,1.3547022342681885,25.769264875410126
18100,1.3746936321258545,26.11510153409595
18120,1.3333635330200195,25.911146581537643
18140,1.441391944885254,25.90227897490467
18160,1.3938885927200317,25.441163429990247
18180,1.3163411617279053,26.629422718808193
18200,1.391178846359253,25.707191628979338
18220,1.3808530569076538,26.593952292276313
18240,1.318013072013855,26.37226212645207
18260,1.365025520324707,26.425467766249888
18280,1.3947927951812744,25.875676155005763
18300,1.3832424879074097,25.538707102952912
18320,1.363682746887207,25.884543761638735
18340,1.3492759466171265,25.503236676421032
18360,1.365173101425171,25.769264875410126
18380,1.381293535232544,25.62738316928261
18400,1.297745704650879,26.514143832579588
18420,1.3563494682312012,25.520971889686972
18440,1.3244781494140625,25.96435222133546
18460,1.3403041362762451,25.547574709585884
18480,1.3735250234603882,26.168307173893766
18500,1.3674731254577637,26.283586060122374
18520,1.3914380073547363,26.514143832579588
18540,1.3693158626556396,25.742662055511218
18560,1.4083499908447266,25.760397268777158
18580,1.363617181777954,25.92001418817061
18600,1.3419218063354492,26.186042387159706
18620,1.382660984992981,25.529839496319944
18640,1.3911828994750977,25.760397268777158
18660,1.3469719886779785,25.849073335106855
18680,1.3965106010437012,25.538707102952912
18700,1.3551868200302124,25.893411368271703
18720,1.4065114259719849,25.22834087079897
18740,1.307539939880371,25.707191628979338
18760,1.4261475801467896,25.928881794803583
18780,1.3428730964660645,25.751529662144186
18800,1.339693307876587,25.423428216724307
18820,1.3687940835952759,25.591912742750733
18840,1.3924686908721924,25.574177529484793
18860,1.391979455947876,25.689456415713398
18880,1.32591712474823,25.56530992285182
18900,1.3940842151641846,26.239248026957526
18920,1.3678319454193115,26.469805799414736
18940,1.34064781665802,25.370222576926487
18960,1.342665195465088,25.671721202447458
18980,1.3629159927368164,25.520971889686972
19000,1.347215175628662,24.811563359049394
19020,1.3617732524871826,25.237208477431942
19040,1.3065898418426514,25.66285359581449
19060,1.3796992301940918,25.946617008069524
19080,1.341963291168213,26.221512813691586
19100,1.3312997817993164,25.56530992285182
19120,1.3392183780670166,25.65398598918152
19140,1.3390628099441528,25.955484614702492
19160,1.337564468383789,26.159439567260797
19180,1.322174310684204,25.831338121840915
19200,1.2576984167099,24.412521060565755
19220,1.277586817741394,24.776092932517514
19240,1.283799409866333,24.456859093730603
19260,1.2945384979248047,25.050988738139576
19280,1.239264965057373,26.123969140728917
19300,1.3084676265716553,25.538707102952912
19320,1.2905153036117554,25.62738316928261
19340,1.2899787425994873,25.192870444267093
19360,1.3296598196029663,25.813602908574975
19380,1.3216800689697266,26.40773255298395
19400,1.3245296478271484,25.778132482043098
19420,1.338136076927185,26.123969140728917
19440,1.2868980169296265,25.893411368271703
19460,1.2657266855239868,24.935709851910968
19480,1.2342078685760498,26.008690254500312
19500,1.2637720108032227,25.63625077591558
19520,1.322021722793579,25.36135497029352
19540,1.276002049446106,25.050988738139576
19560,1.3516900539398193,26.09736632083001
19580,1.2949135303497314,26.07963110756407
19600,1.2334262132644653,26.141704353994857
19620,1.3155806064605713,26.35452691318613
19640,1.2719635963439941,25.121929591203333
19660,1.2705602645874023,26.327924093287223
